method,avg_improvement
linear,0.4506142222877706
richardson,0.43400957680179736
