method,bias,variance
linear,0.16695653521825374,0.03389944890710523
richardson,0.13214828249007937,0.14314872495349207
