method,avg_improvement,avg_sd,time,score
linear,0.4506142222877706,0.03389944890710523,0.0,0.43366449783421795
richardson,0.43400957680179736,0.14314872495349207,0.0,0.3624352143250513
