circuit,method,impr
depth_d5,linear,0.3408171110621487
depth_d5,richardson,0.46196770210021426
