method,cross_circuit_variance
linear,0.013314239389908509
richardson,0.006923078695019631
