method,regime,impr
linear,high,0.35845746706368703
linear,low,0.4945020066143121
linear,mid,0.49888319318531255
richardson,high,0.3917688760434178
richardson,low,0.3116025774692842
richardson,mid,0.5986572768926898
