method,avg_sd
linear,0.03389944890710523
richardson,0.14314872495349207
